{
  "means": {
    "shape": [
      1999396,
      3
    ],
    "dtype": "float32",
    "mins": [
      -6.025510311126709,
      -1.6906509399414062,
      -5.98976469039917
    ],
    "maxs": [
      5.5645432472229,
      3.8737716674804688,
      6.200919151306152
    ],
    "files": [
      "means_l.webp",
      "means_u.webp"
    ]
  },
  "scales": {
    "shape": [
      1999396,
      3
    ],
    "dtype": "float32",
    "mins": [
      -25.468616485595703,
      -25.176055908203125,
      -25.324867248535156
    ],
    "maxs": [
      3.9890828132629395,
      3.8928732872009277,
      3.796846628189087
    ],
    "files": [
      "scales.webp"
    ]
  },
  "quats": {
    "shape": [
      1999396,
      4
    ],
    "dtype": "uint8",
    "encoding": "quaternion_packed",
    "files": [
      "quats.webp"
    ]
  },
  "sh0": {
    "shape": [
      1999396,
      1,
      4
    ],
    "dtype": "float32",
    "mins": [
      -2.4585952758789062,
      -2.450719118118286,
      -2.4373273849487305,
      -20.95849609375
    ],
    "maxs": [
      3.24579119682312,
      2.984550952911377,
      2.732217311859131,
      18.624216079711914
    ],
    "files": [
      "sh0.webp"
    ]
  },
  "shN": {
    "shape": [
      1999396,
      45
    ],
    "dtype": "float32",
    "mins": -4.422688007354736,
    "maxs": 5.305794715881348,
    "quantization": 8,
    "files": [
      "shN_centroids.webp",
      "shN_labels.webp"
    ]
  }
}