{"version":2,"count":643027,"means":{"mins":[-0.7153580118572797,-0.9847942996098622,-0.8006057111868085],"maxs":[0.6317922283509406,0.4786036802783632,1.1764212723340979],"files":["means_l.webp","means_u.webp"]},"scales":{"codebook":[-20.622093200683594,-20.534629821777344,-20.45068359375,-20.355213165283203,-20.287914276123047,-20.207300186157227,-20.13213348388672,-20.054140090942383,-19.975215911865234,-19.889925003051758,-19.81633758544922,-19.736177444458008,-19.653566360473633,-19.570232391357422,-19.49066162109375,-19.411056518554688,-19.33329963684082,-19.25856590270996,-19.187551498413086,-19.121517181396484,-19.05974769592285,-19.001781463623047,-18.94614028930664,-18.891891479492188,-18.838401794433594,-18.784334182739258,-18.72779655456543,-18.665287017822266,-18.598405838012695,-18.52631378173828,-18.450740814208984,-18.372713088989258,-18.29468536376953,-18.216590881347656,-18.139005661010742,-18.059736251831055,-17.982093811035156,-17.90363311767578,-17.825023651123047,-17.745807647705078,-17.66788673400879,-17.589580535888672,-17.511943817138672,-17.433401107788086,-17.35445213317871,-17.27728843688965,-17.19835662841797,-17.118968963623047,-17.041667938232422,-16.963369369506836,-16.885303497314453,-16.807039260864258,-16.731557846069336,-16.655061721801758,-16.573259353637695,-16.491291046142578,-16.412860870361328,-16.335617065429688,-16.25482177734375,-16.17748260498047,-16.0987491607666,-16.02114486694336,-15.944029808044434,-15.869091033935547,-15.791849136352539,-15.714524269104004,-15.635909080505371,-15.556740760803223,-15.47962760925293,-15.403485298156738,-15.327315330505371,-15.247024536132812,-15.167157173156738,-15.08349323272705,-15.004905700683594,-14.92944049835205,-14.854623794555664,-14.775691032409668,-14.698965072631836,-14.61951732635498,-14.541848182678223,-14.464310646057129,-14.386335372924805,-14.311196327209473,-14.234360694885254,-14.154729843139648,-14.075582504272461,-13.996214866638184,-13.919591903686523,-13.840484619140625,-13.762361526489258,-13.682172775268555,-13.604185104370117,-13.529705047607422,-13.453489303588867,-13.382351875305176,-13.313911437988281,-13.250387191772461,-13.183341026306152,-13.118463516235352,-13.050232887268066,-12.977200508117676,-12.903645515441895,-12.824918746948242,-12.747698783874512,-12.673832893371582,-12.597557067871094,-12.519455909729004,-12.439549446105957,-12.365095138549805,-12.28920841217041,-12.206920623779297,-12.128761291503906,-12.050009727478027,-11.972528457641602,-11.893752098083496,-11.816030502319336,-11.736827850341797,-11.655810356140137,-11.577634811401367,-11.496129035949707,-11.418192863464355,-11.34290885925293,-11.267448425292969,-11.186871528625488,-11.106720924377441,-11.026350021362305,-10.949048042297363,-10.873525619506836,-10.79837703704834,-10.724102973937988,-10.643989562988281,-10.564447402954102,-10.486226081848145,-10.407153129577637,-10.329015731811523,-10.25097942352295,-10.172111511230469,-10.095383644104004,-10.017210006713867,-9.940196990966797,-9.862330436706543,-9.783742904663086,-9.70103645324707,-9.62492561340332,-9.5476713180542,-9.471233367919922,-9.394349098205566,-9.317106246948242,-9.237034797668457,-9.160322189331055,-9.08154296875,-9.002735137939453,-8.922486305236816,-8.845232009887695,-8.76707649230957,-8.68887996673584,-8.613597869873047,-8.537758827209473,-8.460248947143555,-8.380300521850586,-8.303485870361328,-8.223461151123047,-8.142568588256836,-8.062252044677734,-7.984232425689697,-7.906627178192139,-7.828617572784424,-7.7503252029418945,-7.671578407287598,-7.593462944030762,-7.514858722686768,-7.435478687286377,-7.35468864440918,-7.275504112243652,-7.196675777435303,-7.117905139923096,-7.040131568908691,-6.9616923332214355,-6.884523868560791,-6.8076910972595215,-6.732672214508057,-6.66050386428833,-6.592121601104736,-6.526617050170898,-6.463677406311035,-6.400973320007324,-6.33559513092041,-6.266550064086914,-6.194453239440918,-6.120572566986084,-6.045961856842041,-5.973535060882568,-5.904025077819824,-5.837909698486328,-5.773946285247803,-5.709667205810547,-5.643586158752441,-5.574671268463135,-5.50515079498291,-5.437793254852295,-5.3737568855285645,-5.313274383544922,-5.2537360191345215,-5.194484710693359,-5.1352715492248535,-5.0743279457092285,-5.009799957275391,-4.941316604614258,-4.868535995483398,-4.792323112487793,-4.714939594268799,-4.637580394744873,-4.560379505157471,-4.482410430908203,-4.405243873596191,-4.3272576332092285,-4.249566078186035,-4.17303991317749,-4.099684238433838,-4.0306925773620605,-3.967170238494873,-3.9094748497009277,-3.8562519550323486,-3.804114580154419,-3.7502923011779785,-3.692610025405884,-3.6312620639801025,-3.5695502758026123,-3.5083494186401367,-3.4455747604370117,-3.379924774169922,-3.3117899894714355,-3.2395522594451904,-3.1656627655029297,-3.09055233001709,-3.0129668712615967,-2.935415506362915,-2.8591420650482178,-2.782345771789551,-2.704488754272461,-2.6291275024414062,-2.55210280418396,-2.4751360416412354,-2.397899866104126,-2.318608522415161,-2.2451086044311523,-2.166656017303467,-2.0931804180145264,-2.0222160816192627,-1.9314433336257935,-1.8668595552444458,-1.7958660125732422,-1.7190402746200562,-1.255385398864746,-0.7385299801826477],"files":["scales.webp"]},"quats":{"files":["quats.webp"]},