{"lodLevels":6,"environment":null,"filenames":["5_0/meta.json"],"tree":{"bound":{"min":[-2.142434,-1.356872,-1.668791],"max":[2.333008,2.281426,1.467235]},"lods":{"5":{"file":0,"offset":0,"count":345217}}}}